timestamp,status,metric_value,headers
2026-10-07 14:19:47+05:30,200,14K,"{""cache-control"": ""max-age=0, no-store, no-cache"", ""cf-cache-status"": ""EXPIRED"", ""date"": ""Wed, 07 Oct 2026 08:49:47 GMT"", ""last-modified"": ""Wed, 07 Oct 2026 08:49:47 GMT""}"
2026-10-07 14:39:06+05:30,200,14.61K,"{""cache-control"": ""max-age=0, no-store, no-cache"", ""cf-cache-status"": ""MISS"", ""date"": ""Wed, 07 Oct 2026 09:09:06 GMT"", ""last-modified"": ""Wed, 07 Oct 2026 09:09:06 GMT""}"
2026-10-07 14:41:57+05:30,200,14.61K,"{""cache-control"": ""max-age=0, no-store, no-cache"", ""cf-cache-status"": ""EXPIRED"", ""date"": ""Wed, 07 Oct 2026 09:11:57 GMT"", ""last-modified"": ""Wed, 07 Oct 2026 09:11:57 GMT""}"
2026-10-07 14:42:00+05:30,200,14.61K,"{""cache-control"": ""max-age=0, no-store, no-cache"", ""cf-cache-status"": ""HIT"", ""date"": ""Wed, 07 Oct 2026 09:12:00 GMT"", ""last-modified"": ""Wed, 07 Oct 2026 09:12:00 GMT""}"
2026-10-07 14:43:00+05:30,200,14.61K,"{""age"": ""62"", ""cache-control"": ""max-age=0, no-store, no-cache"", ""cf-cache-status"": ""HIT"", ""date"": ""Wed, 07 Oct 2026 09:13:00 GMT"", ""last-modified"": ""Wed, 07 Oct 2026 09:12:00 GMT""}"
2026-10-07 14:44:00+05:30,200,14.61K,"{""age"": ""122"", ""cache-control"": ""max-age=0, no-store, no-cache"", ""cf-cache-status"": ""HIT"", ""date"": ""Wed, 07 Oct 2026 09:14:00 GMT"", ""last-modified"": ""Wed, 07 Oct 2026 09:11:57 GMT""}"
2026-10-07 14:45:00+05:30,200,14.61K,"{""age"": ""182"", ""cache-control"": ""max-age=0, no-store, no-cache"", ""cf-cache-status"": ""HIT"", ""date"": ""Wed, 07 Oct 2026 09:15:00 GMT"", ""last-modified"": ""Wed, 07 Oct 2026 09:12:00 GMT""}"
2026-10-07 14:46:00+05:30,200,14.61K,"{""age"": ""242"", ""cache-control"": ""max-age=0, no-store, no-cache"", ""cf-cache-status"": ""HIT"", ""date"": ""Wed, 07 Oct 2026 09:16:00 GMT"", ""last-modified"": ""Wed, 07 Oct 2026 09:12:00 GMT""}"
2026-10-07 14:47:00+05:30,200,14.61K,"{""age"": ""302"", ""cache-control"": ""max-age=0, no-store, no-cache"", ""cf-cache-status"": ""HIT"", ""date"": ""Wed, 07 Oct 2026 09:17:00 GMT"", ""last-modified"": ""Wed, 07 Oct 2026 09:11:57 GMT""}"
2026-10-07 14:48:00+05:30,200,14.61K,"{""age"": ""362"", ""cache-control"": ""max-age=0, no-store, no-cache"", ""cf-cache-status"": ""HIT"", ""date"": ""Wed, 07 Oct 2026 09:18:00 GMT"", ""last-modified"": ""Wed, 07 Oct 2026 09:12:00 GMT""}"
2026-10-07 14:49:00+05:30,200,14.61K,"{""age"": ""422"", ""cache-control"": ""max-age=0, no-store, no-cache"", ""cf-cache-status"": ""HIT"", ""date"": ""Wed, 07 Oct 2026 09:19:00 GMT"", ""last-modified"": ""Wed, 07 Oct 2026 09:11:57 GMT""}"
2026-10-07 14:50:00+05:30,200,14.61K,"{""age"": ""482"", ""cache-control"": ""max-age=0, no-store, no-cache"", ""cf-cache-status"": ""HIT"", ""date"": ""Wed, 07 Oct 2026 09:20:00 GMT"", ""last-modified"": ""Wed, 07 Oct 2026 09:12:00 GMT""}"
2026-10-07 14:51:00+05:30,200,14.61K,"{""age"": ""542"", ""cache-control"": ""max-age=0, no-store, no-cache"", ""cf-cache-status"": ""HIT"", ""date"": ""Wed, 07 Oct 2026 09:21:00 GMT"", ""last-modified"": ""Wed, 07 Oct 2026 09:11:57 GMT""}"
2026-10-07 14:52:00+05:30,200,14.85K,"{""cache-control"": ""max-age=0, no-store, no-cache"", ""cf-cache-status"": ""EXPIRED"", ""date"": ""Wed, 07 Oct 2026 09:22:00 GMT"", ""last-modified"": ""Wed, 07 Oct 2026 09:22:00 GMT""}"
