timestamp,movie_name,metric_type,metric_value,raw_text
2026-10-06 18:19:55,Drishyam 3,1_hour,6.95K,6.95K tickets booked in last 1 hour
2026-10-06 18:35:16,Drishyam 3,1_hour,6.95K,6.95K tickets booked in last 1 hour
2026-10-06 22:42:33,Drishyam 3,24_hours,281.75K,281.75K tickets booked in last 24 hours
2026-10-07 01:44:02,Drishyam 3,24_hours,281.57K,281.57K tickets booked in last 24 hours
2026-10-07 01:53:42,Drishyam 3,24_hours,281.57K,281.57K tickets booked in last 24 hours
2026-10-07 01:58:35,Drishyam 3,1_hour,1.02K,1.02K tickets booked in last 1 hour
2026-10-07 02:00:00,Drishyam 3,1_hour,1.02K,1.02K tickets booked in last 1 hour
2026-10-07 02:05:00,Drishyam 3,1_hour,1.02K,1.02K tickets booked in last 1 hour
2026-10-07 02:32:06,Drishyam 3,1_hour,1.78K,1.78K tickets booked in last 1 hour
2026-10-07 02:35:01,Drishyam 3,1_hour,1.78K,1.78K tickets booked in last 1 hour
2026-10-07 02:40:00,Drishyam 3,1_hour,1.78K,1.78K tickets booked in last 1 hour
2026-10-07 02:45:01,Drishyam 3,1_hour,2.06K,2.06K tickets booked in last 1 hour
2026-10-07 02:50:00,Drishyam 3,1_hour,2.06K,2.06K tickets booked in last 1 hour
2026-10-07 02:55:01,Drishyam 3,1_hour,2.06K,2.06K tickets booked in last 1 hour
2026-10-07 03:00:00,Drishyam 3,1_hour,2.89K,2.89K tickets booked in last 1 hour
2026-10-07 03:05:01,Drishyam 3,1_hour,2.89K,2.89K tickets booked in last 1 hour
2026-10-07 03:10:00,Drishyam 3,1_hour,2.89K,2.89K tickets booked in last 1 hour
2026-10-07 03:15:00,Drishyam 3,1_hour,3.24K,3.24K tickets booked in last 1 hour
2026-10-07 03:20:00,Drishyam 3,1_hour,3.24K,3.24K tickets booked in last 1 hour
2026-10-07 03:25:00,Drishyam 3,1_hour,3.24K,3.24K tickets booked in last 1 hour
2026-10-07 03:30:01,Drishyam 3,1_hour,4.14K,4.14K tickets booked in last 1 hour
2026-10-07 03:35:00,Drishyam 3,1_hour,4.14K,4.14K tickets booked in last 1 hour
2026-10-07 03:40:00,Drishyam 3,1_hour,4.14K,4.14K tickets booked in last 1 hour
2026-10-07 03:45:00,Drishyam 3,1_hour,4.61K,4.61K tickets booked in last 1 hour
2026-10-07 03:50:00,Drishyam 3,1_hour,4.61K,4.61K tickets booked in last 1 hour
2026-10-07 03:55:00,Drishyam 3,1_hour,4.61K,4.61K tickets booked in last 1 hour
2026-10-07 04:00:01,Drishyam 3,1_hour,5.78K,5.78K tickets booked in last 1 hour
2026-10-07 04:05:00,Drishyam 3,1_hour,5.78K,5.78K tickets booked in last 1 hour
